0.00,0.00,0.00,0.00
0.00,0.00,0.00,0.00
0.00,0.00,0.00,0.00
0.00,0.00,0.00,0.00
0.00,0.00,0.00,0.00
0.00,0.00,0.00,0.00
0.00,0.00,0.00,0.00
0.00,0.00,0.00,0.00
0.00,0.00,0.00,0.00
0.00,0.00,0.00,0.00
0.00,0.00,0.00,0.00
0.00,0.00,0.00,0.00
0.00,0.00,0.00,0.00
0.00,0.00,0.00,0.00
0.00,0.00,0.00,0.00
0.00,0.00,0.00,0.00
0.00,0.00,0.00,0.00
0.00,0.00,-100000000000000000000.00,-100000000000000000000.00
0.00,0.00,-100000000000000000000.00,-100000000000000000000.00
0.00,0.00,-100000000000000000000.00,-100000000000000000000.00
0.00,0.00,-100000000000000000000.00,-100000000000000000000.00
0.00,0.00,-100000000000000000000.00,-100000000000000000000.00
0.00,0.00,-100000000000000000000.00,-100000000000000000000.00
0.00,0.00,-100000000000000000000.00,-100000000000000000000.00
0.00,0.00,-100000000000000000000.00,-100000000000000000000.00
0.00,0.00,-100000000000000000000.00,-100000000000000000000.00
0.00,0.00,-100000000000000000000.00,-100000000000000000000.00
0.00,0.00,-100000000000000000000.00,-100000000000000000000.00
0.00,0.00,-100000000000000000000.00,-100000000000000000000.00
0.00,0.00,-100000000000000000000.00,-100000000000000000000.00
0.00,0.00,-100000000000000000000.00,-100000000000000000000.00
0.00,0.00,-100000000000000000000.00,-100000000000000000000.00
0.00,0.00,-100000000000000000000.00,-100000000000000000000.00
0.00,0.00,-200000000000000000000.00,-200000000000000000000.00
0.00,0.00,-200000000000000000000.00,-200000000000000000000.00
0.00,0.00,-200000000000000000000.00,-200000000000000000000.00
0.00,0.00,-200000000000000000000.00,-200000000000000000000.00
0.00,0.00,-200000000000000000000.00,-200000000000000000000.00
0.00,0.00,-200000000000000000000.00,-200000000000000000000.00
0.00,0.00,-200000000000000000000.00,-200000000000000000000.00
0.00,0.00,-200000000000000000000.00,-200000000000000000000.00
0.00,0.00,-200000000000000000000.00,-200000000000000000000.00
0.00,0.00,-200000000000000000000.00,-200000000000000000000.00
0.00,0.00,-200000000000000000000.00,-200000000000000000000.00
0.00,0.00,-200000000000000000000.00,-200000000000000000000.00
0.00,0.00,-200000000000000000000.00,-200000000000000000000.00
0.00,0.00,-200000000000000000000.00,-200000000000000000000.00
0.00,0.00,-200000000000000000000.00,-200000000000000000000.00
0.00,0.00,-200000000000000000000.00,-200000000000000000000.00
0.00,0.00,-200000000000000000000.00,-200000000000000000000.00
0.00,0.00,-300000000000000000000.00,-300000000000000000000.00
0.00,0.00,-300000000000000000000.00,-300000000000000000000.00
0.00,0.00,-300000000000000000000.00,-300000000000000000000.00
0.00,0.00,-300000000000000000000.00,-300000000000000000000.00
0.00,0.00,-300000000000000000000.00,-300000000000000000000.00
0.00,0.00,-300000000000000000000.00,-300000000000000000000.00
0.00,0.00,-300000000000000000000.00,-300000000000000000000.00
0.00,0.00,-300000000000000000000.00,-300000000000000000000.00
0.00,0.00,-300000000000000000000.00,-300000000000000000000.00
0.00,0.00,-300000000000000000000.00,-300000000000000000000.00
0.00,0.00,-300000000000000000000.00,-300000000000000000000.00
0.00,0.00,-300000000000000000000.00,-300000000000000000000.00
0.00,0.00,-300000000000000000000.00,-300000000000000000000.00
0.00,0.00,-300000000000000000000.00,-300000000000000000000.00
0.00,0.00,-300000000000000000000.00,-300000000000000000000.00
0.00,0.00,-300000000000000000000.00,-300000000000000000000.00
0.00,0.00,-400000000000000000000.00,-400000000000000000000.00
0.00,0.00,-400000000000000000000.00,-400000000000000000000.00
0.00,0.00,-400000000000000000000.00,-400000000000000000000.00
0.00,0.00,-400000000000000000000.00,-400000000000000000000.00
0.00,0.00,-400000000000000000000.00,-400000000000000000000.00
0.00,0.00,-400000000000000000000.00,-400000000000000000000.00
0.00,0.00,-400000000000000000000.00,-400000000000000000000.00
0.00,0.00,-400000000000000000000.00,-400000000000000000000.00
0.00,0.00,-400000000000000000000.00,-400000000000000000000.00
0.00,0.00,-400000000000000000000.00,-400000000000000000000.00
0.00,0.00,-400000000000000000000.00,-400000000000000000000.00
0.00,0.00,-400000000000000000000.00,-400000000000000000000.00
0.00,0.00,-400000000000000000000.00,-400000000000000000000.00
0.00,0.00,-400000000000000000000.00,-400000000000000000000.00
0.00,0.00,-400000000000000000000.00,-400000000000000000000.00
0.00,0.00,-400000000000000000000.00,-400000000000000000000.00
0.00,0.00,-500000000000000000000.00,-500000000000000000000.00
0.00,0.00,-500000000000000000000.00,-500000000000000000000.00
0.00,0.00,-500000000000000000000.00,-500000000000000000000.00
0.00,0.00,-500000000000000000000.00,-500000000000000000000.00
0.00,0.00,-500000000000000000000.00,-500000000000000000000.00
0.00,0.00,-500000000000000000000.00,-500000000000000000000.00
0.00,0.00,-500000000000000000000.00,-500000000000000000000.00
0.00,0.00,-500000000000000000000.00,-500000000000000000000.00
0.00,0.00,-500000000000000000000.00,-500000000000000000000.00
0.00,0.00,-500000000000000000000.00,-500000000000000000000.00
0.00,0.00,-500000000000000000000.00,-500000000000000000000.00
0.00,0.00,-500000000000000000000.00,-500000000000000000000.00
0.00,0.00,-500000000000000000000.00,-500000000000000000000.00
0.00,0.00,-500000000000000000000.00,-500000000000000000000.00
0.00,0.00,-500000000000000000000.00,-500000000000000000000.00
0.00,0.00,-500000000000000000000.00,-500000000000000000000.00
0.00,0.00,-500000000000000000000.00,-500000000000000000000.00
0.00,0.00,-600000000000000000000.00,-600000000000000000000.00
0.00,0.00,-600000000000000000000.00,-600000000000000000000.00
0.00,0.00,-600000000000000000000.00,-600000000000000000000.00
0.00,0.00,-600000000000000000000.00,-600000000000000000000.00
0.00,0.00,-600000000000000000000.00,-600000000000000000000.00
0.00,0.00,-600000000000000000000.00,-600000000000000000000.00
0.00,0.00,-600000000000000000000.00,-600000000000000000000.00
0.00,0.00,-600000000000000000000.00,-600000000000000000000.00
0.00,0.00,-600000000000000000000.00,-600000000000000000000.00
0.00,0.00,-600000000000000000000.00,-600000000000000000000.00
0.00,0.00,-600000000000000000000.00,-600000000000000000000.00
0.00,0.00,-600000000000000000000.00,-600000000000000000000.00
0.00,0.00,-600000000000000000000.00,-600000000000000000000.00
0.00,0.00,-600000000000000000000.00,-600000000000000000000.00
0.00,0.00,-600000000000000000000.00,-600000000000000000000.00
0.00,0.00,-600000000000000000000.00,-600000000000000000000.00
0.00,0.00,-700000000000000000000.00,-700000000000000000000.00
0.00,0.00,-700000000000000000000.00,-700000000000000000000.00
0.00,0.00,-700000000000000000000.00,-700000000000000000000.00
0.00,0.00,-700000000000000000000.00,-700000000000000000000.00
0.00,0.00,-700000000000000000000.00,-700000000000000000000.00
0.00,0.00,-700000000000000000000.00,-700000000000000000000.00
0.00,0.00,-700000000000000000000.00,-700000000000000000000.00
0.00,0.00,-700000000000000000000.00,-700000000000000000000.00
0.00,0.00,-700000000000000000000.00,-700000000000000000000.00
0.00,0.00,-700000000000000000000.00,-700000000000000000000.00
0.00,0.00,-700000000000000000000.00,-700000000000000000000.00
0.00,0.00,-700000000000000000000.00,-700000000000000000000.00
0.00,0.00,-700000000000000000000.00,-700000000000000000000.00
0.00,0.00,-700000000000000000000.00,-700000000000000000000.00
0.00,0.00,-700000000000000000000.00,-700000000000000000000.00
0.00,0.00,-700000000000000000000.00,-700000000000000000000.00
20.00,20.00,-700000000000000000000.00,-800000000000000000000.00
20.00,20.00,-700000000000000000000.00,-800000000000000000000.00
20.00,20.00,-700000000000000000000.00,-800000000000000000000.00
20.00,20.00,-700000000000000000000.00,-800000000000000000000.00
20.00,20.00,-700000000000000000000.00,-800000000000000000000.00
20.00,20.00,-700000000000000000000.00,-800000000000000000000.00
20.00,20.00,-700000000000000000000.00,-800000000000000000000.00
20.00,20.00,-700000000000000000000.00,-800000000000000000000.00
20.00,20.00,-700000000000000000000.00,-800000000000000000000.00
20.00,20.00,-700000000000000000000.00,-800000000000000000000.00
20.00,20.00,-700000000000000000000.00,-800000000000000000000.00
20.00,20.00,-700000000000000000000.00,-800000000000000000000.00
20.00,20.00,-700000000000000000000.00,-800000000000000000000.00
0.25,20.00,-700000000000000000000.00,-800000000000000000000.00
0.25,0.25,-700000000000000000000.00,-800000000000000000000.00
0.25,0.25,-700000000000000000000.00,-800000000000000000000.00
0.25,0.25,-700000000000000000000.00,-800000000000000000000.00
0.25,0.25,-700000000000000000000.00,-800000000000000000000.00
0.25,0.25,-700000000000000000000.00,-800000000000000000000.00
0.25,0.25,-700000000000000000000.00,-800000000000000000000.00
0.25,0.25,-700000000000000000000.00,-800000000000000000000.00
0.25,0.25,-700000000000000000000.00,-800000000000000000000.00
0.25,0.25,-700000000000000000000.00,-800000000000000000000.00
0.25,0.25,-700000000000000000000.00,-800000000000000000000.00
0.25,0.25,-700000000000000000000.00,-800000000000000000000.00
0.25,0.25,-700000000000000000000.00,-800000000000000000000.00
19.63,0.25,-700000000000000000000.00,-800000000000000000000.00
19.63,19.63,-700000000000000000000.00,-800000000000000000000.00
19.63,19.63,-700000000000000000000.00,-800000000000000000000.00
19.63,19.63,-700000000000000000000.00,-800000000000000000000.00
19.63,19.63,-700000000000000000000.00,-800000000000000000000.00
19.63,19.63,-700000000000000000000.00,-800000000000000000000.00
19.63,19.63,-700000000000000000000.00,-800000000000000000000.00
19.63,19.63,-700000000000000000000.00,-800000000000000000000.00
19.63,19.63,-700000000000000000000.00,-800000000000000000000.00
19.63,19.63,-700000000000000000000.00,-800000000000000000000.00
19.63,19.63,-700000000000000000000.00,-800000000000000000000.00
19.63,19.63,-700000000000000000000.00,-800000000000000000000.00
19.63,19.63,-700000000000000000000.00,-800000000000000000000.00
19.63,19.63,-700000000000000000000.00,-800000000000000000000.00
0.62,0.62,-700000000000000000000.00,-800000000000000000000.00
0.62,0.62,-700000000000000000000.00,-800000000000000000000.00
0.62,0.62,-700000000000000000000.00,-800000000000000000000.00
0.62,0.62,-700000000000000000000.00,-800000000000000000000.00
0.62,0.62,-700000000000000000000.00,-800000000000000000000.00
0.62,0.62,-700000000000000000000.00,-800000000000000000000.00
0.62,0.62,-700000000000000000000.00,-800000000000000000000.00
0.62,0.62,-700000000000000000000.00,-800000000000000000000.00
0.62,0.62,-700000000000000000000.00,-800000000000000000000.00
0.62,0.62,-700000000000000000000.00,-800000000000000000000.00
0.62,0.62,-700000000000000000000.00,-800000000000000000000.00
0.62,0.62,-700000000000000000000.00,-800000000000000000000.00
0.62,0.62,-700000000000000000000.00,-800000000000000000000.00
19.07,19.07,-700000000000000000000.00,-800000000000000000000.00
19.07,19.07,-700000000000000000000.00,-800000000000000000000.00
19.07,19.07,-700000000000000000000.00,-800000000000000000000.00
19.07,19.07,-700000000000000000000.00,-800000000000000000000.00
19.07,19.07,-700000000000000000000.00,-800000000000000000000.00
19.07,19.07,-700000000000000000000.00,-800000000000000000000.00
19.07,19.07,-700000000000000000000.00,-800000000000000000000.00
19.07,19.07,-700000000000000000000.00,-800000000000000000000.00
19.07,19.07,-700000000000000000000.00,-800000000000000000000.00
19.07,19.07,-700000000000000000000.00,-800000000000000000000.00
19.07,19.07,-700000000000000000000.00,-800000000000000000000.00
19.07,19.07,-700000000000000000000.00,-800000000000000000000.00
19.07,19.07,-700000000000000000000.00,-800000000000000000000.00
1.17,1.17,-700000000000000000000.00,-800000000000000000000.00
1.17,1.17,-700000000000000000000.00,-800000000000000000000.00
1.17,1.17,-700000000000000000000.00,-800000000000000000000.00
1.17,1.17,-700000000000000000000.00,-800000000000000000000.00
1.17,1.17,-700000000000000000000.00,-800000000000000000000.00
1.17,1.17,-700000000000000000000.00,-800000000000000000000.00
1.17,1.17,-700000000000000000000.00,-800000000000000000000.00
1.17,1.17,-700000000000000000000.00,-800000000000000000000.00
1.17,1.17,-700000000000000000000.00,-800000000000000000000.00
1.17,1.17,-700000000000000000000.00,-800000000000000000000.00
1.17,1.17,-700000000000000000000.00,-800000000000000000000.00
1.17,1.17,-700000000000000000000.00,-800000000000000000000.00
1.17,1.17,-700000000000000000000.00,-800000000000000000000.00
18.85,18.85,-700000000000000000000.00,-800000000000000000000.00
18.85,18.85,-700000000000000000000.00,-800000000000000000000.00
18.85,18.85,-700000000000000000000.00,-800000000000000000000.00
18.85,18.85,-700000000000000000000.00,-800000000000000000000.00
18.85,18.85,-700000000000000000000.00,-800000000000000000000.00
18.85,18.85,-700000000000000000000.00,-800000000000000000000.00
18.85,18.85,-700000000000000000000.00,-800000000000000000000.00
18.85,18.85,-700000000000000000000.00,-800000000000000000000.00
18.85,18.85,-700000000000000000000.00,-800000000000000000000.00
18.85,18.85,-700000000000000000000.00,-800000000000000000000.00
18.85,18.85,-700000000000000000000.00,-800000000000000000000.00
18.85,18.85,-700000000000000000000.00,-800000000000000000000.00
18.85,18.85,-700000000000000000000.00,-800000000000000000000.00
1.39,1.39,-700000000000000000000.00,-800000000000000000000.00
1.39,1.39,-700000000000000000000.00,-800000000000000000000.00
1.39,1.39,-700000000000000000000.00,-800000000000000000000.00
1.39,1.39,-700000000000000000000.00,-800000000000000000000.00
1.39,1.39,-700000000000000000000.00,-800000000000000000000.00
1.39,1.39,-700000000000000000000.00,-800000000000000000000.00
1.39,1.39,-700000000000000000000.00,-800000000000000000000.00
1.39,1.39,-700000000000000000000.00,-800000000000000000000.00
1.39,1.39,-700000000000000000000.00,-800000000000000000000.00
1.39,1.39,-700000000000000000000.00,-800000000000000000000.00
1.39,1.39,-700000000000000000000.00,-800000000000000000000.00
1.39,1.39,-700000000000000000000.00,-800000000000000000000.00
1.39,1.39,-700000000000000000000.00,-800000000000000000000.00
18.63,18.63,-700000000000000000000.00,-800000000000000000000.00
18.63,18.63,-700000000000000000000.00,-800000000000000000000.00
18.63,18.63,-700000000000000000000.00,-800000000000000000000.00
18.63,18.63,-700000000000000000000.00,-800000000000000000000.00
18.63,18.63,-700000000000000000000.00,-800000000000000000000.00
18.63,18.63,-700000000000000000000.00,-800000000000000000000.00
18.63,18.63,-700000000000000000000.00,-800000000000000000000.00
18.63,18.63,-700000000000000000000.00,-800000000000000000000.00
18.63,18.63,-700000000000000000000.00,-800000000000000000000.00
18.63,18.63,-700000000000000000000.00,-800000000000000000000.00
18.63,18.63,-700000000000000000000.00,-800000000000000000000.00
18.63,18.63,-700000000000000000000.00,-800000000000000000000.00
18.63,18.63,-700000000000000000000.00,-800000000000000000000.00
1.61,1.61,-700000000000000000000.00,-800000000000000000000.00
1.61,1.61,-700000000000000000000.00,-800000000000000000000.00
1.61,1.61,-700000000000000000000.00,-800000000000000000000.00
1.61,1.61,-700000000000000000000.00,-800000000000000000000.00
1.61,1.61,-700000000000000000000.00,-800000000000000000000.00
1.61,1.61,-700000000000000000000.00,-800000000000000000000.00
1.61,1.61,-700000000000000000000.00,-800000000000000000000.00
1.61,1.61,-700000000000000000000.00,-800000000000000000000.00
1.61,1.61,-700000000000000000000.00,-800000000000000000000.00
1.61,1.61,-700000000000000000000.00,-800000000000000000000.00
1.61,1.61,-700000000000000000000.00,-800000000000000000000.00
1.61,1.61,-700000000000000000000.00,-800000000000000000000.00
1.61,1.61,-700000000000000000000.00,-800000000000000000000.00
18.41,18.41,-700000000000000000000.00,-800000000000000000000.00
18.41,18.41,-700000000000000000000.00,-800000000000000000000.00
18.41,18.41,-700000000000000000000.00,-800000000000000000000.00
18.41,18.41,-700000000000000000000.00,-800000000000000000000.00
18.41,18.41,-700000000000000000000.00,-800000000000000000000.00
18.41,18.41,-700000000000000000000.00,-800000000000000000000.00
18.41,18.41,-700000000000000000000.00,-800000000000000000000.00
18.41,18.41,-700000000000000000000.00,-800000000000000000000.00
18.41,18.41,-700000000000000000000.00,-800000000000000000000.00
18.41,18.41,-700000000000000000000.00,-800000000000000000000.00
18.41,18.41,-700000000000000000000.00,-800000000000000000000.00
18.41,18.41,-700000000000000000000.00,-800000000000000000000.00
18.41,18.41,-700000000000000000000.00,-800000000000000000000.00
1.82,1.82,-700000000000000000000.00,-800000000000000000000.00
1.82,1.82,-700000000000000000000.00,-800000000000000000000.00
1.82,1.82,-700000000000000000000.00,-800000000000000000000.00
1.82,1.82,-700000000000000000000.00,-800000000000000000000.00
1.82,1.82,-700000000000000000000.00,-800000000000000000000.00
1.82,1.82,-700000000000000000000.00,-800000000000000000000.00
1.82,1.82,-700000000000000000000.00,-800000000000000000000.00
1.82,1.82,-700000000000000000000.00,-800000000000000000000.00
1.82,1.82,-700000000000000000000.00,-800000000000000000000.00
1.82,1.82,-700000000000000000000.00,-800000000000000000000.00
1.82,1.82,-700000000000000000000.00,-800000000000000000000.00
1.82,1.82,-700000000000000000000.00,-800000000000000000000.00
1.82,1.82,-700000000000000000000.00,-800000000000000000000.00
18.21,18.21,-700000000000000000000.00,-800000000000000000000.00
18.21,18.21,-700000000000000000000.00,-800000000000000000000.00
18.21,18.21,-700000000000000000000.00,-800000000000000000000.00
18.21,18.21,-700000000000000000000.00,-800000000000000000000.00
18.21,18.21,-700000000000000000000.00,-800000000000000000000.00
18.21,18.21,-700000000000000000000.00,-800000000000000000000.00
18.21,18.21,-700000000000000000000.00,-800000000000000000000.00
18.21,18.21,-700000000000000000000.00,-800000000000000000000.00
18.21,18.21,-700000000000000000000.00,-800000000000000000000.00
18.21,18.21,-700000000000000000000.00,-800000000000000000000.00
18.21,18.21,-700000000000000000000.00,-800000000000000000000.00
18.21,18.21,-700000000000000000000.00,-800000000000000000000.00
18.21,18.21,-700000000000000000000.00,-800000000000000000000.00
2.02,2.02,-700000000000000000000.00,-800000000000000000000.00
2.02,2.02,-700000000000000000000.00,-800000000000000000000.00
2.02,2.02,-700000000000000000000.00,-800000000000000000000.00
2.02,2.02,-700000000000000000000.00,-800000000000000000000.00
2.02,2.02,-700000000000000000000.00,-800000000000000000000.00
2.02,2.02,-700000000000000000000.00,-800000000000000000000.00
2.02,2.02,-700000000000000000000.00,-800000000000000000000.00
2.02,2.02,-700000000000000000000.00,-800000000000000000000.00
2.02,2.02,-700000000000000000000.00,-800000000000000000000.00
2.02,2.02,-700000000000000000000.00,-800000000000000000000.00
2.02,2.02,-700000000000000000000.00,-800000000000000000000.00
2.02,2.02,-700000000000000000000.00,-800000000000000000000.00
2.02,2.02,-700000000000000000000.00,-800000000000000000000.00
18.00,2.02,-700000000000000000000.00,-800000000000000000000.00
18.00,18.00,-700000000000000000000.00,-800000000000000000000.00
18.00,18.00,-700000000000000000000.00,-800000000000000000000.00
18.00,18.00,-700000000000000000000.00,-800000000000000000000.00
18.00,18.00,-700000000000000000000.00,-800000000000000000000.00
18.00,18.00,-700000000000000000000.00,-800000000000000000000.00
18.00,18.00,-700000000000000000000.00,-800000000000000000000.00
18.00,18.00,-700000000000000000000.00,-800000000000000000000.00
18.00,18.00,-700000000000000000000.00,-800000000000000000000.00
18.00,18.00,-700000000000000000000.00,-800000000000000000000.00
18.00,18.00,-700000000000000000000.00,-800000000000000000000.00
18.00,18.00,-700000000000000000000.00,-800000000000000000000.00
18.00,18.00,-700000000000000000000.00,-800000000000000000000.00
2.22,18.00,-700000000000000000000.00,-800000000000000000000.00
2.22,2.22,-700000000000000000000.00,-800000000000000000000.00
2.22,2.22,-700000000000000000000.00,-800000000000000000000.00
2.22,2.22,-700000000000000000000.00,-800000000000000000000.00
2.22,2.22,-700000000000000000000.00,-800000000000000000000.00
2.22,2.22,-700000000000000000000.00,-800000000000000000000.00
2.22,2.22,-700000000000000000000.00,-800000000000000000000.00
2.22,2.22,-700000000000000000000.00,-800000000000000000000.00
2.22,2.22,-700000000000000000000.00,-800000000000000000000.00
2.22,2.22,-700000000000000000000.00,-800000000000000000000.00
2.22,2.22,-700000000000000000000.00,-800000000000000000000.00
2.22,2.22,-700000000000000000000.00,-800000000000000000000.00
2.22,2.22,-700000000000000000000.00,-800000000000000000000.00
17.81,2.22,-700000000000000000000.00,-800000000000000000000.00
17.81,17.81,-700000000000000000000.00,-800000000000000000000.00
17.81,17.81,-700000000000000000000.00,-800000000000000000000.00
17.81,17.81,-700000000000000000000.00,-800000000000000000000.00
17.81,17.81,-700000000000000000000.00,-800000000000000000000.00
17.81,17.81,-700000000000000000000.00,-800000000000000000000.00
17.81,17.81,-700000000000000000000.00,-800000000000000000000.00
17.81,17.81,-700000000000000000000.00,-800000000000000000000.00
17.81,17.81,-700000000000000000000.00,-800000000000000000000.00
17.81,17.81,-700000000000000000000.00,-800000000000000000000.00
17.81,17.81,-700000000000000000000.00,-800000000000000000000.00
17.81,17.81,-700000000000000000000.00,-800000000000000000000.00
17.81,17.81,-700000000000000000000.00,-800000000000000000000.00
17.81,17.81,-700000000000000000000.00,-800000000000000000000.00
2.41,2.41,-700000000000000000000.00,-800000000000000000000.00
2.41,2.41,-700000000000000000000.00,-800000000000000000000.00
2.41,2.41,-700000000000000000000.00,-800000000000000000000.00
2.41,2.41,-700000000000000000000.00,-800000000000000000000.00
2.41,2.41,-700000000000000000000.00,-800000000000000000000.00
2.41,2.41,-700000000000000000000.00,-800000000000000000000.00
2.41,2.41,-700000000000000000000.00,-800000000000000000000.00
2.41,2.41,-700000000000000000000.00,-800000000000000000000.00
2.41,2.41,-700000000000000000000.00,-800000000000000000000.00
2.41,2.41,-700000000000000000000.00,-800000000000000000000.00
2.41,2.41,-700000000000000000000.00,-800000000000000000000.00
2.41,2.41,-700000000000000000000.00,-800000000000000000000.00
2.41,2.41,-700000000000000000000.00,-800000000000000000000.00
17.62,17.62,-700000000000000000000.00,-800000000000000000000.00
17.62,17.62,-700000000000000000000.00,-800000000000000000000.00
17.62,17.62,-700000000000000000000.00,-800000000000000000000.00
17.62,17.62,-700000000000000000000.00,-800000000000000000000.00
17.62,17.62,-700000000000000000000.00,-800000000000000000000.00
17.62,17.62,-700000000000000000000.00,-800000000000000000000.00
17.62,17.62,-700000000000000000000.00,-800000000000000000000.00
17.62,17.62,-700000000000000000000.00,-800000000000000000000.00
17.62,17.62,-700000000000000000000.00,-800000000000000000000.00
17.62,17.62,-700000000000000000000.00,-800000000000000000000.00
17.62,17.62,-700000000000000000000.00,-800000000000000000000.00
17.62,17.62,-700000000000000000000.00,-800000000000000000000.00
17.62,17.62,-700000000000000000000.00,-800000000000000000000.00
2.60,2.60,-700000000000000000000.00,-800000000000000000000.00
2.60,2.60,-700000000000000000000.00,-800000000000000000000.00
2.60,2.60,-700000000000000000000.00,-800000000000000000000.00
2.60,2.60,-700000000000000000000.00,-800000000000000000000.00
2.60,2.60,-700000000000000000000.00,-800000000000000000000.00
2.60,2.60,-700000000000000000000.00,-800000000000000000000.00
2.60,2.60,-700000000000000000000.00,-800000000000000000000.00
2.60,2.60,-700000000000000000000.00,-800000000000000000000.00
2.60,2.60,-700000000000000000000.00,-800000000000000000000.00
2.60,2.60,-700000000000000000000.00,-800000000000000000000.00
2.60,2.60,-700000000000000000000.00,-800000000000000000000.00
2.60,2.60,-700000000000000000000.00,-800000000000000000000.00
2.60,2.60,-700000000000000000000.00,-800000000000000000000.00
17.43,17.43,-700000000000000000000.00,-800000000000000000000.00
17.43,17.43,-700000000000000000000.00,-800000000000000000000.00
17.43,17.43,-700000000000000000000.00,-800000000000000000000.00
17.43,17.43,-700000000000000000000.00,-800000000000000000000.00
17.43,17.43,-700000000000000000000.00,-800000000000000000000.00
17.43,17.43,-700000000000000000000.00,-800000000000000000000.00
17.43,17.43,-700000000000000000000.00,-800000000000000000000.00
17.43,17.43,-700000000000000000000.00,-800000000000000000000.00
17.43,17.43,-700000000000000000000.00,-800000000000000000000.00
17.43,17.43,-700000000000000000000.00,-800000000000000000000.00
17.43,17.43,-700000000000000000000.00,-800000000000000000000.00
17.43,17.43,-700000000000000000000.00,-800000000000000000000.00
17.43,17.43,-700000000000000000000.00,-800000000000000000000.00
2.79,17.21,-700000000000000000000.00,-800000000000000000000.00
2.79,17.21,-700000000000000000000.00,-800000000000000000000.00
2.79,17.21,-700000000000000000000.00,-800000000000000000000.00
2.79,17.21,-700000000000000000000.00,-800000000000000000000.00
2.79,17.21,-700000000000000000000.00,-800000000000000000000.00
2.79,17.21,-700000000000000000000.00,-800000000000000000000.00
2.79,17.21,-700000000000000000000.00,-800000000000000000000.00
2.79,17.21,-700000000000000000000.00,-800000000000000000000.00
2.79,17.21,-700000000000000000000.00,-800000000000000000000.00
2.79,17.21,-700000000000000000000.00,-800000000000000000000.00
2.79,17.21,-700000000000000000000.00,-800000000000000000000.00
2.79,17.21,-700000000000000000000.00,-800000000000000000000.00
2.79,17.21,-700000000000000000000.00,-800000000000000000000.00
2.76,16.99,-700000000000000000000.00,-800000000000000000000.00
2.76,16.99,-700000000000000000000.00,-800000000000000000000.00
2.76,16.99,-700000000000000000000.00,-800000000000000000000.00
2.76,16.99,-700000000000000000000.00,-800000000000000000000.00
2.76,16.99,-700000000000000000000.00,-800000000000000000000.00
2.76,16.99,-700000000000000000000.00,-800000000000000000000.00
2.76,16.99,-700000000000000000000.00,-800000000000000000000.00
2.76,16.99,-700000000000000000000.00,-800000000000000000000.00
2.76,16.99,-700000000000000000000.00,-800000000000000000000.00
2.76,16.99,-700000000000000000000.00,-800000000000000000000.00
2.76,16.99,-700000000000000000000.00,-800000000000000000000.00
2.76,16.99,-700000000000000000000.00,-800000000000000000000.00
2.76,16.99,-700000000000000000000.00,-800000000000000000000.00
2.72,16.78,-700000000000000000000.00,-800000000000000000000.00
2.72,16.78,-700000000000000000000.00,-800000000000000000000.00
2.72,16.78,-700000000000000000000.00,-800000000000000000000.00
2.72,16.78,-700000000000000000000.00,-800000000000000000000.00
2.72,16.78,-700000000000000000000.00,-800000000000000000000.00
2.72,16.78,-700000000000000000000.00,-800000000000000000000.00
2.72,16.78,-700000000000000000000.00,-800000000000000000000.00
2.72,16.78,-700000000000000000000.00,-800000000000000000000.00
2.72,16.78,-700000000000000000000.00,-800000000000000000000.00
2.72,16.78,-700000000000000000000.00,-800000000000000000000.00
2.72,16.78,-700000000000000000000.00,-800000000000000000000.00
2.72,16.78,-700000000000000000000.00,-800000000000000000000.00
2.72,16.78,-700000000000000000000.00,-800000000000000000000.00
2.69,16.57,-700000000000000000000.00,-800000000000000000000.00
2.69,16.57,-700000000000000000000.00,-800000000000000000000.00
2.69,16.57,-700000000000000000000.00,-800000000000000000000.00
2.69,16.57,-700000000000000000000.00,-800000000000000000000.00
2.69,16.57,-700000000000000000000.00,-800000000000000000000.00
2.69,16.57,-700000000000000000000.00,-800000000000000000000.00
2.69,16.57,-700000000000000000000.00,-800000000000000000000.00
2.69,16.57,-700000000000000000000.00,-800000000000000000000.00
2.69,16.57,-700000000000000000000.00,-800000000000000000000.00
2.69,16.57,-700000000000000000000.00,-800000000000000000000.00
2.69,16.57,-700000000000000000000.00,-800000000000000000000.00
2.69,16.57,-700000000000000000000.00,-800000000000000000000.00
2.69,16.57,-700000000000000000000.00,-800000000000000000000.00
2.65,16.37,-700000000000000000000.00,-800000000000000000000.00
2.65,16.37,-700000000000000000000.00,-800000000000000000000.00
2.65,16.37,-700000000000000000000.00,-800000000000000000000.00
2.65,16.37,-700000000000000000000.00,-800000000000000000000.00
2.65,16.37,-700000000000000000000.00,-800000000000000000000.00
2.65,16.37,-700000000000000000000.00,-800000000000000000000.00
2.65,16.37,-700000000000000000000.00,-800000000000000000000.00
2.65,16.37,-700000000000000000000.00,-800000000000000000000.00
2.65,16.37,-700000000000000000000.00,-800000000000000000000.00
2.65,16.37,-700000000000000000000.00,-800000000000000000000.00
2.65,16.37,-700000000000000000000.00,-800000000000000000000.00
2.65,16.37,-700000000000000000000.00,-800000000000000000000.00
2.65,16.37,-700000000000000000000.00,-800000000000000000000.00
2.62,16.37,-700000000000000000000.00,-800000000000000000000.00
2.62,16.16,-700000000000000000000.00,-800000000000000000000.00
2.62,16.16,-700000000000000000000.00,-800000000000000000000.00
2.62,16.16,-700000000000000000000.00,-800000000000000000000.00
2.62,16.16,-700000000000000000000.00,-800000000000000000000.00
2.62,16.16,-700000000000000000000.00,-800000000000000000000.00
2.62,16.16,-700000000000000000000.00,-800000000000000000000.00
2.62,16.16,-700000000000000000000.00,-800000000000000000000.00
2.62,16.16,-700000000000000000000.00,-800000000000000000000.00
2.62,16.16,-700000000000000000000.00,-800000000000000000000.00
2.62,16.16,-700000000000000000000.00,-800000000000000000000.00
2.62,16.16,-700000000000000000000.00,-800000000000000000000.00
2.62,16.16,-700000000000000000000.00,-800000000000000000000.00
2.59,16.16,-700000000000000000000.00,-800000000000000000000.00
2.59,15.96,-700000000000000000000.00,-800000000000000000000.00
2.59,15.96,-700000000000000000000.00,-800000000000000000000.00
2.59,15.96,-700000000000000000000.00,-800000000000000000000.00
2.59,15.96,-700000000000000000000.00,-800000000000000000000.00
2.59,15.96,-700000000000000000000.00,-800000000000000000000.00
2.59,15.96,-700000000000000000000.00,-800000000000000000000.00
2.59,15.96,-700000000000000000000.00,-800000000000000000000.00
2.59,15.96,-700000000000000000000.00,-800000000000000000000.00
2.59,15.96,-700000000000000000000.00,-800000000000000000000.00
2.59,15.96,-700000000000000000000.00,-800000000000000000000.00
2.59,15.96,-700000000000000000000.00,-800000000000000000000.00
2.59,15.96,-700000000000000000000.00,-800000000000000000000.00
2.59,15.96,-700000000000000000000.00,-800000000000000000000.00
2.56,15.76,-700000000000000000000.00,-800000000000000000000.00
2.56,15.76,-700000000000000000000.00,-800000000000000000000.00
2.56,15.76,-700000000000000000000.00,-800000000000000000000.00
2.56,15.76,-700000000000000000000.00,-800000000000000000000.00
2.56,15.76,-700000000000000000000.00,-800000000000000000000.00
2.56,15.76,-700000000000000000000.00,-800000000000000000000.00
2.56,15.76,-700000000000000000000.00,-800000000000000000000.00
2.56,15.76,-700000000000000000000.00,-800000000000000000000.00
2.56,15.76,-700000000000000000000.00,-800000000000000000000.00
2.56,15.76,-700000000000000000000.00,-800000000000000000000.00
2.56,15.76,-700000000000000000000.00,-800000000000000000000.00
2.56,15.76,-700000000000000000000.00,-800000000000000000000.00
2.56,15.76,-700000000000000000000.00,-800000000000000000000.00
2.52,15.56,-700000000000000000000.00,-800000000000000000000.00
2.52,15.56,-700000000000000000000.00,-800000000000000000000.00
2.52,15.56,-700000000000000000000.00,-800000000000000000000.00
2.52,15.56,-700000000000000000000.00,-800000000000000000000.00
2.52,15.56,-700000000000000000000.00,-800000000000000000000.00
2.52,15.56,-700000000000000000000.00,-800000000000000000000.00
2.52,15.56,-700000000000000000000.00,-800000000000000000000.00
2.52,15.56,-700000000000000000000.00,-800000000000000000000.00
2.52,15.56,-700000000000000000000.00,-800000000000000000000.00
2.52,15.56,-700000000000000000000.00,-800000000000000000000.00
2.52,15.56,-700000000000000000000.00,-800000000000000000000.00
2.52,15.56,-700000000000000000000.00,-800000000000000000000.00
2.52,15.56,-700000000000000000000.00,-800000000000000000000.00
2.49,15.37,-700000000000000000000.00,-800000000000000000000.00
2.49,15.37,-700000000000000000000.00,-800000000000000000000.00
2.49,15.37,-700000000000000000000.00,-800000000000000000000.00
2.49,15.37,-700000000000000000000.00,-800000000000000000000.00
2.49,15.37,-700000000000000000000.00,-800000000000000000000.00
2.49,15.37,-700000000000000000000.00,-800000000000000000000.00
2.49,15.37,-700000000000000000000.00,-800000000000000000000.00
2.49,15.37,-700000000000000000000.00,-800000000000000000000.00
2.49,15.37,-700000000000000000000.00,-800000000000000000000.00
2.49,15.37,-700000000000000000000.00,-800000000000000000000.00
2.49,15.37,-700000000000000000000.00,-800000000000000000000.00
2.49,15.37,-700000000000000000000.00,-800000000000000000000.00
2.49,15.37,-700000000000000000000.00,-800000000000000000000.00
2.46,15.18,-700000000000000000000.00,-800000000000000000000.00
2.46,15.18,-700000000000000000000.00,-800000000000000000000.00
2.46,15.18,-700000000000000000000.00,-800000000000000000000.00
2.46,15.18,-700000000000000000000.00,-800000000000000000000.00
2.46,15.18,-700000000000000000000.00,-800000000000000000000.00
2.46,15.18,-700000000000000000000.00,-800000000000000000000.00
2.46,15.18,-700000000000000000000.00,-800000000000000000000.00
2.46,15.18,-700000000000000000000.00,-800000000000000000000.00
2.46,15.18,-700000000000000000000.00,-800000000000000000000.00
2.46,15.18,-700000000000000000000.00,-800000000000000000000.00
2.46,15.18,-700000000000000000000.00,-800000000000000000000.00
2.46,15.18,-700000000000000000000.00,-800000000000000000000.00
2.46,15.18,-700000000000000000000.00,-800000000000000000000.00
2.43,14.99,-700000000000000000000.00,-800000000000000000000.00
2.43,14.99,-700000000000000000000.00,-800000000000000000000.00
2.43,14.99,-700000000000000000000.00,-800000000000000000000.00
2.43,14.99,-700000000000000000000.00,-800000000000000000000.00
2.43,14.99,-700000000000000000000.00,-800000000000000000000.00
2.43,14.99,-700000000000000000000.00,-800000000000000000000.00
2.43,14.99,-700000000000000000000.00,-800000000000000000000.00
2.43,14.99,-700000000000000000000.00,-800000000000000000000.00
2.43,14.99,-700000000000000000000.00,-800000000000000000000.00
2.43,14.99,-700000000000000000000.00,-800000000000000000000.00
2.43,14.99,-700000000000000000000.00,-800000000000000000000.00
2.43,14.99,-700000000000000000000.00,-800000000000000000000.00
2.43,14.99,-700000000000000000000.00,-800000000000000000000.00
2.40,14.80,-700000000000000000000.00,-800000000000000000000.00
2.40,14.80,-700000000000000000000.00,-800000000000000000000.00
2.40,14.80,-700000000000000000000.00,-800000000000000000000.00
2.40,14.80,-700000000000000000000.00,-800000000000000000000.00
2.40,14.80,-700000000000000000000.00,-800000000000000000000.00
2.40,14.80,-700000000000000000000.00,-800000000000000000000.00
2.40,14.80,-700000000000000000000.00,-800000000000000000000.00
2.40,14.80,-700000000000000000000.00,-800000000000000000000.00
2.40,14.80,-700000000000000000000.00,-800000000000000000000.00
2.40,14.80,-700000000000000000000.00,-800000000000000000000.00
2.40,14.80,-700000000000000000000.00,-800000000000000000000.00
2.40,14.80,-700000000000000000000.00,-800000000000000000000.00
2.40,14.80,-700000000000000000000.00,-800000000000000000000.00
2.37,14.61,-700000000000000000000.00,-800000000000000000000.00
2.37,14.61,-700000000000000000000.00,-800000000000000000000.00
2.37,14.61,-700000000000000000000.00,-800000000000000000000.00
2.37,14.61,-700000000000000000000.00,-800000000000000000000.00
2.37,14.61,-700000000000000000000.00,-800000000000000000000.00
2.37,14.61,-700000000000000000000.00,-800000000000000000000.00
2.37,14.61,-700000000000000000000.00,-800000000000000000000.00
2.37,14.61,-700000000000000000000.00,-800000000000000000000.00
2.37,14.61,-700000000000000000000.00,-800000000000000000000.00
2.37,14.61,-700000000000000000000.00,-800000000000000000000.00
2.37,14.61,-700000000000000000000.00,-800000000000000000000.00
2.37,14.61,-700000000000000000000.00,-800000000000000000000.00
2.37,14.61,-700000000000000000000.00,-800000000000000000000.00
2.34,14.43,-700000000000000000000.00,-800000000000000000000.00
2.34,14.43,-700000000000000000000.00,-800000000000000000000.00
2.34,14.43,-700000000000000000000.00,-800000000000000000000.00
2.34,14.43,-700000000000000000000.00,-800000000000000000000.00
2.34,14.43,-700000000000000000000.00,-800000000000000000000.00
2.34,14.43,-700000000000000000000.00,-800000000000000000000.00
2.34,14.43,-700000000000000000000.00,-800000000000000000000.00
2.34,14.43,-700000000000000000000.00,-800000000000000000000.00
2.34,14.43,-700000000000000000000.00,-800000000000000000000.00
2.34,14.43,-700000000000000000000.00,-800000000000000000000.00
2.34,14.43,-700000000000000000000.00,-800000000000000000000.00
2.34,14.43,-700000000000000000000.00,-800000000000000000000.00
2.34,14.43,-700000000000000000000.00,-800000000000000000000.00
2.31,14.25,-700000000000000000000.00,-800000000000000000000.00
2.31,14.25,-700000000000000000000.00,-800000000000000000000.00
2.31,14.25,-700000000000000000000.00,-800000000000000000000.00
2.31,14.25,-700000000000000000000.00,-800000000000000000000.00
2.31,14.25,-700000000000000000000.00,-800000000000000000000.00
2.31,14.25,-700000000000000000000.00,-800000000000000000000.00
2.31,14.25,-700000000000000000000.00,-800000000000000000000.00
2.31,14.25,-700000000000000000000.00,-800000000000000000000.00
2.31,14.25,-700000000000000000000.00,-800000000000000000000.00
2.31,14.25,-700000000000000000000.00,-800000000000000000000.00
2.31,14.25,-700000000000000000000.00,-800000000000000000000.00
2.31,14.25,-700000000000000000000.00,-800000000000000000000.00
2.31,14.25,-700000000000000000000.00,-800000000000000000000.00
2.28,14.07,-700000000000000000000.00,-800000000000000000000.00
2.28,14.07,-700000000000000000000.00,-800000000000000000000.00
2.28,14.07,-700000000000000000000.00,-800000000000000000000.00
2.28,14.07,-700000000000000000000.00,-800000000000000000000.00
2.28,14.07,-700000000000000000000.00,-800000000000000000000.00
2.28,14.07,-700000000000000000000.00,-800000000000000000000.00
2.28,14.07,-700000000000000000000.00,-800000000000000000000.00
2.28,14.07,-700000000000000000000.00,-800000000000000000000.00
2.28,14.07,-700000000000000000000.00,-800000000000000000000.00
2.28,14.07,-700000000000000000000.00,-800000000000000000000.00
2.28,14.07,-700000000000000000000.00,-800000000000000000000.00
2.28,14.07,-700000000000000000000.00,-800000000000000000000.00
2.28,14.07,-700000000000000000000.00,-800000000000000000000.00
2.25,14.07,-700000000000000000000.00,-800000000000000000000.00
2.25,13.90,-700000000000000000000.00,-800000000000000000000.00
2.25,13.90,-700000000000000000000.00,-800000000000000000000.00
2.25,13.90,-700000000000000000000.00,-800000000000000000000.00
2.25,13.90,-700000000000000000000.00,-800000000000000000000.00
2.25,13.90,-700000000000000000000.00,-800000000000000000000.00
2.25,13.90,-700000000000000000000.00,-800000000000000000000.00
2.25,13.90,-700000000000000000000.00,-800000000000000000000.00
2.25,13.90,-700000000000000000000.00,-800000000000000000000.00
2.25,13.90,-700000000000000000000.00,-800000000000000000000.00
2.25,13.90,-700000000000000000000.00,-800000000000000000000.00
2.25,13.90,-700000000000000000000.00,-800000000000000000000.00
2.25,13.90,-700000000000000000000.00,-800000000000000000000.00
2.22,13.90,-700000000000000000000.00,-800000000000000000000.00
2.22,13.72,-700000000000000000000.00,-800000000000000000000.00
2.22,13.72,-700000000000000000000.00,-800000000000000000000.00
2.22,13.72,-700000000000000000000.00,-800000000000000000000.00
2.22,13.72,-700000000000000000000.00,-800000000000000000000.00
2.22,13.72,-700000000000000000000.00,-800000000000000000000.00
2.22,13.72,-700000000000000000000.00,-800000000000000000000.00
2.22,13.72,-700000000000000000000.00,-800000000000000000000.00
2.22,13.72,-700000000000000000000.00,-800000000000000000000.00
2.22,13.72,-700000000000000000000.00,-800000000000000000000.00
2.22,13.72,-700000000000000000000.00,-800000000000000000000.00
2.22,13.72,-700000000000000000000.00,-800000000000000000000.00
2.22,13.72,-700000000000000000000.00,-800000000000000000000.00
2.20,13.72,-700000000000000000000.00,-800000000000000000000.00
2.20,13.55,-700000000000000000000.00,-800000000000000000000.00
2.20,13.55,-700000000000000000000.00,-800000000000000000000.00
2.20,13.55,-700000000000000000000.00,-800000000000000000000.00
2.20,13.55,-700000000000000000000.00,-800000000000000000000.00
2.20,13.55,-700000000000000000000.00,-800000000000000000000.00
2.20,13.55,-700000000000000000000.00,-800000000000000000000.00
2.20,13.55,-700000000000000000000.00,-800000000000000000000.00
2.20,13.55,-700000000000000000000.00,-800000000000000000000.00
2.20,13.55,-700000000000000000000.00,-800000000000000000000.00
2.20,13.55,-700000000000000000000.00,-800000000000000000000.00
2.20,13.55,-700000000000000000000.00,-800000000000000000000.00
2.20,13.55,-700000000000000000000.00,-800000000000000000000.00
2.20,13.55,-700000000000000000000.00,-800000000000000000000.00
2.17,13.38,-700000000000000000000.00,-800000000000000000000.00
2.17,13.38,-700000000000000000000.00,-800000000000000000000.00
2.17,13.38,-700000000000000000000.00,-800000000000000000000.00
2.17,13.38,-700000000000000000000.00,-800000000000000000000.00
2.17,13.38,-700000000000000000000.00,-800000000000000000000.00
2.17,13.38,-700000000000000000000.00,-800000000000000000000.00
2.17,13.38,-700000000000000000000.00,-800000000000000000000.00
2.17,13.38,-700000000000000000000.00,-800000000000000000000.00
2.17,13.38,-700000000000000000000.00,-800000000000000000000.00
2.17,13.38,-700000000000000000000.00,-800000000000000000000.00
2.17,13.38,-700000000000000000000.00,-800000000000000000000.00
2.17,13.38,-700000000000000000000.00,-800000000000000000000.00
2.17,13.38,-700000000000000000000.00,-800000000000000000000.00
2.14,13.21,-700000000000000000000.00,-800000000000000000000.00
2.14,13.21,-700000000000000000000.00,-800000000000000000000.00
2.14,13.21,-700000000000000000000.00,-800000000000000000000.00
2.14,13.21,-700000000000000000000.00,-800000000000000000000.00
2.14,13.21,-700000000000000000000.00,-800000000000000000000.00
2.14,13.21,-700000000000000000000.00,-800000000000000000000.00
2.14,13.21,-700000000000000000000.00,-800000000000000000000.00
2.14,13.21,-700000000000000000000.00,-800000000000000000000.00
2.14,13.21,-700000000000000000000.00,-800000000000000000000.00
2.14,13.21,-700000000000000000000.00,-800000000000000000000.00
2.14,13.21,-700000000000000000000.00,-800000000000000000000.00
2.14,13.21,-700000000000000000000.00,-800000000000000000000.00
2.14,13.21,-700000000000000000000.00,-800000000000000000000.00
2.12,13.05,-700000000000000000000.00,-800000000000000000000.00
2.12,13.05,-700000000000000000000.00,-800000000000000000000.00
2.12,13.05,-700000000000000000000.00,-800000000000000000000.00
2.12,13.05,-700000000000000000000.00,-800000000000000000000.00
2.12,13.05,-700000000000000000000.00,-800000000000000000000.00
2.12,13.05,-700000000000000000000.00,-800000000000000000000.00
2.12,13.05,-700000000000000000000.00,-800000000000000000000.00
2.12,13.05,-700000000000000000000.00,-800000000000000000000.00
2.12,13.05,-700000000000000000000.00,-800000000000000000000.00
2.12,13.05,-700000000000000000000.00,-800000000000000000000.00
2.12,13.05,-700000000000000000000.00,-800000000000000000000.00
2.12,13.05,-700000000000000000000.00,-800000000000000000000.00
2.12,13.05,-700000000000000000000.00,-800000000000000000000.00
2.09,12.89,-700000000000000000000.00,-800000000000000000000.00
2.09,12.89,-700000000000000000000.00,-800000000000000000000.00
2.09,12.89,-700000000000000000000.00,-800000000000000000000.00
2.09,12.89,-700000000000000000000.00,-800000000000000000000.00
2.09,12.89,-700000000000000000000.00,-800000000000000000000.00
2.09,12.89,-700000000000000000000.00,-800000000000000000000.00
2.09,12.89,-700000000000000000000.00,-800000000000000000000.00
2.09,12.89,-700000000000000000000.00,-800000000000000000000.00
2.09,12.89,-700000000000000000000.00,-800000000000000000000.00
2.09,12.89,-700000000000000000000.00,-800000000000000000000.00
2.09,12.89,-700000000000000000000.00,-800000000000000000000.00
2.09,12.89,-700000000000000000000.00,-800000000000000000000.00
2.09,12.89,-700000000000000000000.00,-800000000000000000000.00
2.06,12.73,-700000000000000000000.00,-800000000000000000000.00
2.06,12.73,-700000000000000000000.00,-800000000000000000000.00
2.06,12.73,-700000000000000000000.00,-800000000000000000000.00
2.06,12.73,-700000000000000000000.00,-800000000000000000000.00
2.06,12.73,-700000000000000000000.00,-800000000000000000000.00
2.06,12.73,-700000000000000000000.00,-800000000000000000000.00
2.06,12.73,-700000000000000000000.00,-800000000000000000000.00
2.06,12.73,-700000000000000000000.00,-800000000000000000000.00
2.06,12.73,-700000000000000000000.00,-800000000000000000000.00
2.06,12.73,-700000000000000000000.00,-800000000000000000000.00
2.06,12.73,-700000000000000000000.00,-800000000000000000000.00
2.06,12.73,-700000000000000000000.00,-800000000000000000000.00
2.06,12.73,-700000000000000000000.00,-800000000000000000000.00
2.04,12.57,-700000000000000000000.00,-800000000000000000000.00
2.04,12.57,-700000000000000000000.00,-800000000000000000000.00
2.04,12.57,-700000000000000000000.00,-800000000000000000000.00
2.04,12.57,-700000000000000000000.00,-800000000000000000000.00
2.04,12.57,-700000000000000000000.00,-800000000000000000000.00
2.04,12.57,-700000000000000000000.00,-800000000000000000000.00
2.04,12.57,-700000000000000000000.00,-800000000000000000000.00
2.04,12.57,-700000000000000000000.00,-800000000000000000000.00
2.04,12.57,-700000000000000000000.00,-800000000000000000000.00
2.04,12.57,-700000000000000000000.00,-800000000000000000000.00
2.04,12.57,-700000000000000000000.00,-800000000000000000000.00
2.04,12.57,-700000000000000000000.00,-800000000000000000000.00
2.04,12.57,-700000000000000000000.00,-800000000000000000000.00
2.01,12.41,-700000000000000000000.00,-800000000000000000000.00
2.01,12.41,-700000000000000000000.00,-800000000000000000000.00
2.01,12.41,-700000000000000000000.00,-800000000000000000000.00
2.01,12.41,-700000000000000000000.00,-800000000000000000000.00
2.01,12.41,-700000000000000000000.00,-800000000000000000000.00
2.01,12.41,-700000000000000000000.00,-800000000000000000000.00
2.01,12.41,-700000000000000000000.00,-800000000000000000000.00
2.01,12.41,-700000000000000000000.00,-800000000000000000000.00
2.01,12.41,-700000000000000000000.00,-800000000000000000000.00
2.01,12.41,-700000000000000000000.00,-800000000000000000000.00
2.01,12.41,-700000000000000000000.00,-800000000000000000000.00
2.01,12.41,-700000000000000000000.00,-800000000000000000000.00
2.01,12.41,-700000000000000000000.00,-800000000000000000000.00
1.99,12.25,-700000000000000000000.00,-800000000000000000000.00
1.99,12.25,-700000000000000000000.00,-800000000000000000000.00
1.99,12.25,-700000000000000000000.00,-800000000000000000000.00
1.99,12.25,-700000000000000000000.00,-800000000000000000000.00
1.99,12.25,-700000000000000000000.00,-800000000000000000000.00
1.99,12.25,-700000000000000000000.00,-800000000000000000000.00
1.99,12.25,-700000000000000000000.00,-800000000000000000000.00
1.99,12.25,-700000000000000000000.00,-800000000000000000000.00
1.99,12.25,-700000000000000000000.00,-800000000000000000000.00
1.99,12.25,-700000000000000000000.00,-800000000000000000000.00
1.99,12.25,-700000000000000000000.00,-800000000000000000000.00
1.99,12.25,-700000000000000000000.00,-800000000000000000000.00
1.99,12.25,-700000000000000000000.00,-800000000000000000000.00
1.96,12.25,-700000000000000000000.00,-800000000000000000000.00
1.96,12.10,-700000000000000000000.00,-800000000000000000000.00
1.96,12.10,-700000000000000000000.00,-800000000000000000000.00
1.96,12.10,-700000000000000000000.00,-800000000000000000000.00
1.96,12.10,-700000000000000000000.00,-800000000000000000000.00
1.96,12.10,-700000000000000000000.00,-800000000000000000000.00
1.96,12.10,-700000000000000000000.00,-800000000000000000000.00
1.96,12.10,-700000000000000000000.00,-800000000000000000000.00
1.96,12.10,-700000000000000000000.00,-800000000000000000000.00
1.96,12.10,-700000000000000000000.00,-800000000000000000000.00
1.96,12.10,-700000000000000000000.00,-800000000000000000000.00
1.96,12.10,-700000000000000000000.00,-800000000000000000000.00
1.96,12.10,-700000000000000000000.00,-800000000000000000000.00
1.94,12.10,-700000000000000000000.00,-800000000000000000000.00
1.94,11.95,-700000000000000000000.00,-800000000000000000000.00
1.94,11.95,-700000000000000000000.00,-800000000000000000000.00
1.94,11.95,-700000000000000000000.00,-800000000000000000000.00
1.94,11.95,-700000000000000000000.00,-800000000000000000000.00
1.94,11.95,-700000000000000000000.00,-800000000000000000000.00
1.94,11.95,-700000000000000000000.00,-800000000000000000000.00
1.94,11.95,-700000000000000000000.00,-800000000000000000000.00
1.94,11.95,-700000000000000000000.00,-800000000000000000000.00
1.94,11.95,-700000000000000000000.00,-800000000000000000000.00
1.94,11.95,-700000000000000000000.00,-800000000000000000000.00
1.94,11.95,-700000000000000000000.00,-800000000000000000000.00
1.94,11.95,-700000000000000000000.00,-800000000000000000000.00
1.91,11.95,-700000000000000000000.00,-800000000000000000000.00
1.91,11.80,-700000000000000000000.00,-800000000000000000000.00
1.91,11.80,-700000000000000000000.00,-800000000000000000000.00
1.91,11.80,-700000000000000000000.00,-800000000000000000000.00
1.91,11.80,-700000000000000000000.00,-800000000000000000000.00
1.91,11.80,-700000000000000000000.00,-800000000000000000000.00
1.91,11.80,-700000000000000000000.00,-800000000000000000000.00
1.91,11.80,-700000000000000000000.00,-800000000000000000000.00
1.91,11.80,-700000000000000000000.00,-800000000000000000000.00
1.91,11.80,-700000000000000000000.00,-800000000000000000000.00
1.91,11.80,-700000000000000000000.00,-800000000000000000000.00
1.91,11.80,-700000000000000000000.00,-800000000000000000000.00
1.91,11.80,-700000000000000000000.00,-800000000000000000000.00
1.91,11.80,-700000000000000000000.00,-800000000000000000000.00
1.89,11.65,-700000000000000000000.00,-800000000000000000000.00
1.89,11.65,-700000000000000000000.00,-800000000000000000000.00
1.89,11.65,-700000000000000000000.00,-800000000000000000000.00
1.89,11.65,-700000000000000000000.00,-800000000000000000000.00
1.89,11.65,-700000000000000000000.00,-800000000000000000000.00
1.89,11.65,-700000000000000000000.00,-800000000000000000000.00
1.89,11.65,-700000000000000000000.00,-800000000000000000000.00
1.89,11.65,-700000000000000000000.00,-800000000000000000000.00
1.89,11.65,-700000000000000000000.00,-800000000000000000000.00
1.89,11.65,-700000000000000000000.00,-800000000000000000000.00
1.89,11.65,-700000000000000000000.00,-800000000000000000000.00
1.89,11.65,-700000000000000000000.00,-800000000000000000000.00
1.89,11.65,-700000000000000000000.00,-800000000000000000000.00
1.87,11.51,-700000000000000000000.00,-800000000000000000000.00
1.87,11.51,-700000000000000000000.00,-800000000000000000000.00
1.87,11.51,-700000000000000000000.00,-800000000000000000000.00
1.87,11.51,-700000000000000000000.00,-800000000000000000000.00
1.87,11.51,-700000000000000000000.00,-800000000000000000000.00
1.87,11.51,-700000000000000000000.00,-800000000000000000000.00
1.87,11.51,-700000000000000000000.00,-800000000000000000000.00
1.87,11.51,-700000000000000000000.00,-800000000000000000000.00
1.87,11.51,-700000000000000000000.00,-800000000000000000000.00
1.87,11.51,-700000000000000000000.00,-800000000000000000000.00
1.87,11.51,-700000000000000000000.00,-800000000000000000000.00
1.87,11.51,-700000000000000000000.00,-800000000000000000000.00
1.87,11.51,-700000000000000000000.00,-800000000000000000000.00
1.84,11.36,-700000000000000000000.00,-800000000000000000000.00
1.84,11.36,-700000000000000000000.00,-800000000000000000000.00
1.84,11.36,-700000000000000000000.00,-800000000000000000000.00
1.84,11.36,-700000000000000000000.00,-800000000000000000000.00
1.84,11.36,-700000000000000000000.00,-800000000000000000000.00
1.84,11.36,-700000000000000000000.00,-800000000000000000000.00
1.84,11.36,-700000000000000000000.00,-800000000000000000000.00
1.84,11.36,-700000000000000000000.00,-800000000000000000000.00
1.84,11.36,-700000000000000000000.00,-800000000000000000000.00
1.84,11.36,-700000000000000000000.00,-800000000000000000000.00
1.84,11.36,-700000000000000000000.00,-800000000000000000000.00
1.84,11.36,-700000000000000000000.00,-800000000000000000000.00
1.84,11.36,-700000000000000000000.00,-800000000000000000000.00
1.82,11.22,-700000000000000000000.00,-800000000000000000000.00
1.82,11.22,-700000000000000000000.00,-800000000000000000000.00
1.82,11.22,-700000000000000000000.00,-800000000000000000000.00
1.82,11.22,-700000000000000000000.00,-800000000000000000000.00
1.82,11.22,-700000000000000000000.00,-800000000000000000000.00
1.82,11.22,-700000000000000000000.00,-800000000000000000000.00
1.82,11.22,-700000000000000000000.00,-800000000000000000000.00
1.82,11.22,-700000000000000000000.00,-800000000000000000000.00
1.82,11.22,-700000000000000000000.00,-800000000000000000000.00
1.82,11.22,-700000000000000000000.00,-800000000000000000000.00
1.82,11.22,-700000000000000000000.00,-800000000000000000000.00
1.82,11.22,-700000000000000000000.00,-800000000000000000000.00
1.82,11.22,-700000000000000000000.00,-800000000000000000000.00
1.80,11.08,-700000000000000000000.00,-800000000000000000000.00
1.80,11.08,-700000000000000000000.00,-800000000000000000000.00
1.80,11.08,-700000000000000000000.00,-800000000000000000000.00
1.80,11.08,-700000000000000000000.00,-800000000000000000000.00
1.80,11.08,-700000000000000000000.00,-800000000000000000000.00
1.80,11.08,-700000000000000000000.00,-800000000000000000000.00
1.80,11.08,-700000000000000000000.00,-800000000000000000000.00
1.80,11.08,-700000000000000000000.00,-800000000000000000000.00
1.80,11.08,-700000000000000000000.00,-800000000000000000000.00
1.80,11.08,-700000000000000000000.00,-800000000000000000000.00
1.80,11.08,-700000000000000000000.00,-800000000000000000000.00
1.80,11.08,-700000000000000000000.00,-800000000000000000000.00
1.80,11.08,-700000000000000000000.00,-800000000000000000000.00
1.77,10.94,-700000000000000000000.00,-800000000000000000000.00
1.77,10.94,-700000000000000000000.00,-800000000000000000000.00
1.77,10.94,-700000000000000000000.00,-800000000000000000000.00
1.77,10.94,-700000000000000000000.00,-800000000000000000000.00
1.77,10.94,-700000000000000000000.00,-800000000000000000000.00
1.77,10.94,-700000000000000000000.00,-800000000000000000000.00
1.77,10.94,-700000000000000000000.00,-800000000000000000000.00
1.77,10.94,-700000000000000000000.00,-800000000000000000000.00
1.77,10.94,-700000000000000000000.00,-800000000000000000000.00
1.77,10.94,-700000000000000000000.00,-800000000000000000000.00
1.77,10.94,-700000000000000000000.00,-800000000000000000000.00
1.77,10.94,-700000000000000000000.00,-800000000000000000000.00
1.77,10.94,-700000000000000000000.00,-800000000000000000000.00
1.75,10.81,-700000000000000000000.00,-800000000000000000000.00
1.75,10.81,-700000000000000000000.00,-800000000000000000000.00
1.75,10.81,-700000000000000000000.00,-800000000000000000000.00
1.75,10.81,-700000000000000000000.00,-800000000000000000000.00
1.75,10.81,-700000000000000000000.00,-800000000000000000000.00
1.75,10.81,-700000000000000000000.00,-800000000000000000000.00
1.75,10.81,-700000000000000000000.00,-800000000000000000000.00
1.75,10.81,-700000000000000000000.00,-800000000000000000000.00
1.75,10.81,-700000000000000000000.00,-800000000000000000000.00
1.75,10.81,-700000000000000000000.00,-800000000000000000000.00
1.75,10.81,-700000000000000000000.00,-800000000000000000000.00
1.75,10.81,-700000000000000000000.00,-800000000000000000000.00
1.75,10.81,-700000000000000000000.00,-800000000000000000000.00
1.73,10.67,-700000000000000000000.00,-800000000000000000000.00
1.73,10.67,-700000000000000000000.00,-800000000000000000000.00
1.73,10.67,-700000000000000000000.00,-800000000000000000000.00
1.73,10.67,-700000000000000000000.00,-800000000000000000000.00
1.73,10.67,-700000000000000000000.00,-800000000000000000000.00
1.73,10.67,-700000000000000000000.00,-800000000000000000000.00
1.73,10.67,-700000000000000000000.00,-800000000000000000000.00
1.73,10.67,-700000000000000000000.00,-800000000000000000000.00
1.73,10.67,-700000000000000000000.00,-800000000000000000000.00
1.73,10.67,-700000000000000000000.00,-800000000000000000000.00
1.73,10.67,-700000000000000000000.00,-800000000000000000000.00
1.73,10.67,-700000000000000000000.00,-800000000000000000000.00
1.73,10.67,-700000000000000000000.00,-800000000000000000000.00
1.71,10.54,-700000000000000000000.00,-800000000000000000000.00
1.71,10.54,-700000000000000000000.00,-800000000000000000000.00
1.71,10.54,-700000000000000000000.00,-800000000000000000000.00
1.71,10.54,-700000000000000000000.00,-800000000000000000000.00
1.71,10.54,-700000000000000000000.00,-800000000000000000000.00
1.71,10.54,-700000000000000000000.00,-800000000000000000000.00
1.71,10.54,-700000000000000000000.00,-800000000000000000000.00
1.71,10.54,-700000000000000000000.00,-800000000000000000000.00
1.71,10.54,-700000000000000000000.00,-800000000000000000000.00
1.71,10.54,-700000000000000000000.00,-800000000000000000000.00
1.71,10.54,-700000000000000000000.00,-800000000000000000000.00
1.71,10.54,-700000000000000000000.00,-800000000000000000000.00
1.71,10.54,-700000000000000000000.00,-800000000000000000000.00
1.69,10.54,-700000000000000000000.00,-800000000000000000000.00
1.69,10.41,-700000000000000000000.00,-800000000000000000000.00
1.69,10.41,-700000000000000000000.00,-800000000000000000000.00
1.69,10.41,-700000000000000000000.00,-800000000000000000000.00
1.69,10.41,-700000000000000000000.00,-800000000000000000000.00
1.69,10.41,-700000000000000000000.00,-800000000000000000000.00
1.69,10.41,-700000000000000000000.00,-800000000000000000000.00
1.69,10.41,-700000000000000000000.00,-800000000000000000000.00
1.69,10.41,-700000000000000000000.00,-800000000000000000000.00
1.69,10.41,-700000000000000000000.00,-800000000000000000000.00
1.69,10.41,-700000000000000000000.00,-800000000000000000000.00
1.69,10.41,-700000000000000000000.00,-800000000000000000000.00
1.69,10.41,-700000000000000000000.00,-800000000000000000000.00
1.67,10.41,-700000000000000000000.00,-800000000000000000000.00
1.67,10.28,-700000000000000000000.00,-800000000000000000000.00
1.67,10.28,-700000000000000000000.00,-800000000000000000000.00
1.67,10.28,-700000000000000000000.00,-800000000000000000000.00
1.67,10.28,-700000000000000000000.00,-800000000000000000000.00
1.67,10.28,-700000000000000000000.00,-800000000000000000000.00
1.67,10.28,-700000000000000000000.00,-800000000000000000000.00
1.67,10.28,-700000000000000000000.00,-800000000000000000000.00
1.67,10.28,-700000000000000000000.00,-800000000000000000000.00
1.67,10.28,-700000000000000000000.00,-800000000000000000000.00
1.67,10.28,-700000000000000000000.00,-800000000000000000000.00
1.67,10.28,-700000000000000000000.00,-800000000000000000000.00
1.67,10.28,-700000000000000000000.00,-800000000000000000000.00
1.67,10.28,-700000000000000000000.00,-800000000000000000000.00
1.65,10.15,-700000000000000000000.00,-800000000000000000000.00
1.65,10.15,-700000000000000000000.00,-800000000000000000000.00
1.65,10.15,-700000000000000000000.00,-800000000000000000000.00
1.65,10.15,-700000000000000000000.00,-800000000000000000000.00
1.65,10.15,-700000000000000000000.00,-800000000000000000000.00
1.65,10.15,-700000000000000000000.00,-800000000000000000000.00
1.65,10.15,-700000000000000000000.00,-800000000000000000000.00
1.65,10.15,-700000000000000000000.00,-800000000000000000000.00
1.65,10.15,-700000000000000000000.00,-800000000000000000000.00
1.65,10.15,-700000000000000000000.00,-800000000000000000000.00
1.65,10.15,-700000000000000000000.00,-800000000000000000000.00
1.65,10.15,-700000000000000000000.00,-800000000000000000000.00
1.65,10.15,-700000000000000000000.00,-800000000000000000000.00
1.62,10.02,-700000000000000000000.00,-800000000000000000000.00
1.62,10.02,-700000000000000000000.00,-800000000000000000000.00
1.62,10.02,-700000000000000000000.00,-800000000000000000000.00
1.62,10.02,-700000000000000000000.00,-800000000000000000000.00
1.62,10.02,-700000000000000000000.00,-800000000000000000000.00
1.62,10.02,-700000000000000000000.00,-800000000000000000000.00
1.62,10.02,-700000000000000000000.00,-800000000000000000000.00
1.62,10.02,-700000000000000000000.00,-800000000000000000000.00
1.62,10.02,-700000000000000000000.00,-800000000000000000000.00
1.62,10.02,-700000000000000000000.00,-800000000000000000000.00
1.62,10.02,-700000000000000000000.00,-800000000000000000000.00
1.62,10.02,-700000000000000000000.00,-800000000000000000000.00
1.62,10.02,-700000000000000000000.00,-800000000000000000000.00
1.60,9.89,-700000000000000000000.00,-800000000000000000000.00
1.60,9.89,-700000000000000000000.00,-800000000000000000000.00
1.60,9.89,-700000000000000000000.00,-800000000000000000000.00
1.60,9.89,-700000000000000000000.00,-800000000000000000000.00
1.60,9.89,-700000000000000000000.00,-800000000000000000000.00
1.60,9.89,-700000000000000000000.00,-800000000000000000000.00
1.60,9.89,-700000000000000000000.00,-800000000000000000000.00
1.60,9.89,-700000000000000000000.00,-800000000000000000000.00
1.60,9.89,-700000000000000000000.00,-800000000000000000000.00
1.60,9.89,-700000000000000000000.00,-800000000000000000000.00
1.60,9.89,-700000000000000000000.00,-800000000000000000000.00
1.60,9.89,-700000000000000000000.00,-800000000000000000000.00
1.60,9.89,-700000000000000000000.00,-800000000000000000000.00
1.58,9.77,-700000000000000000000.00,-800000000000000000000.00
1.58,9.77,-700000000000000000000.00,-800000000000000000000.00
1.58,9.77,-700000000000000000000.00,-800000000000000000000.00
1.58,9.77,-700000000000000000000.00,-800000000000000000000.00
1.58,9.77,-700000000000000000000.00,-800000000000000000000.00